<?xml version="1.0" encoding="UTF-8" standalone="yes"?>
<addon id="plugin.video.nzbtv"
       name="NzbTV"
       version="0.2.4a.tv"
       provider-name="Popeye modified by Ckergald">
  <requires>
    <import addon="xbmc.python" version="2.0"/>
    <import addon="plugin.program.pneumatic" version="0.2.0"/>
  </requires>
  <extension point="xbmc.python.pluginsource"
            library="default.py">
        <provides>video</provides>
  </extension>
  <extension point="xbmc.addon.metadata">
    <platform>all</platform>
    <summary>Newznab</summary>
    <description>Browse Newznab sites by TV Networks</description>
    <disclaimer>Requires the Pneumatic add-on and SABnzbd</disclaimer>
  </extension>
</addon>